Workbook
Name btnShowItemComment: '2월'!#REF!

Sheet 2월(집계)
A1: 발생주의 | B1: 부과기준(교통/관리비) | F1: 금액 | J1: 비중 | N1: 이슈 | O1: 당월 | R1: 저축목표 | S1: 월 560 | T1: 연 저축 목표, 4000 | U1: 6700
A2: 계정 | B2: 대분류 | C2: 소분류 | D2: 항목세부 | E2: 2월 | F2: 공동 | G2: 엉아 | H2: 아기 | J2: 공동 | K2: 엉아 | L2: 아기 | O2: 익월 | R2: 상환목표
A3: 수입 | B3: 고정 | C3: 급여 | E3: =SUM(F3:H3) -> 12216689 | F3: =SUMIFS('2월'!$I:$I,'2월'!$D:$D,C3,'2월'!$C:$C,$F$2) -> 0 | G3: =-SUMIFS('2월'!$I:$I,'2월'!$D:$D,C3,'2월'!$C:$C,$G$2) -> 6475664 | H3: =-SUMIFS('2월'!$I:$I,'2월'!$D:$D,C3,'2월'!$C:$C,$H$2) -> 5741025 | J3: =IF(ISERROR(F3/$E$9),,(F3/$E$9)) -> 0 | K3: =IF(ISERROR(G3/$E$9),,(G3/$E$9)) -> 0.34454471 | L3: =IF(ISERROR(H3/$E$9),,(H3/$E$9)) -> 0.30545744
B4: 변동 | C4: 변동수입 | E4: =SUM(E5:E7) -> 6578155 | F4: =SUM(F5:F7) -> 6578155 | G4: =SUM(G5:G7) -> 0 | H4: =SUM(H5:H7) -> 0 | J4: =IF(ISERROR(F4/$E$9),,(F4/$E$9)) -> 0.34999785 | K4: =IF(ISERROR(G4/$E$9),,(G4/$E$9)) -> 0 | L4: =IF(ISERROR(H4/$E$9),,(H4/$E$9)) -> 0
C5: 이자 | D5: 배당 | E5: =SUM(F5:H5) -> 178155 | F5: =-SUMIFS('2월'!$I:$I,'2월'!$D:$D,C5,'2월'!$C:$C,$F$2) -> 178155 | G5: =-SUMIFS('2월'!$I:$I,'2월'!$D:$D,C5,'2월'!$C:$C,$G$2) -> 0 | H5: =-SUMIFS('2월'!$I:$I,'2월'!$D:$D,C5,'2월'!$C:$C,$H$2) -> 0 | J5: =IF(ISERROR(F5/$E$9),,(F5/$E$9)) -> 0.0094789294 | K5: =IF(ISERROR(G5/$E$9),,(G5/$E$9)) -> 0 | L5: =IF(ISERROR(H5/$E$9),,(H5/$E$9)) -> 0
C6: 수입_기타 | E6: =SUM(F6:H6) -> 400000 | F6: =-SUMIFS('2월'!$I:$I,'2월'!$D:$D,C6,'2월'!$C:$C,$F$2) -> 400000 | G6: =-SUMIFS('2월'!$I:$I,'2월'!$D:$D,C6,'2월'!$C:$C,$G$2) -> 0 | H6: =-SUMIFS('2월'!$I:$I,'2월'!$D:$D,C6,'2월'!$C:$C,$H$2) -> 0 | J6: =IF(ISERROR(F6/$E$9),,(F6/$E$9)) -> 0.021282433 | K6: =IF(ISERROR(G6/$E$9),,(G6/$E$9)) -> 0 | L6: =IF(ISERROR(H6/$E$9),,(H6/$E$9)) -> 0
C7: 회수 | D7: 예적금만기/주식매도 | E7: =SUM(F7:H7) -> 6000000 | F7: =-SUMIFS('2월'!$I:$I,'2월'!$D:$D,C7,'2월'!$C:$C,$F$2) -> 6000000 | G7: =-SUMIFS('2월'!$I:$I,'2월'!$D:$D,C7,'2월'!$C:$C,$G$2) -> 0 | H7: =-SUMIFS('2월'!$I:$I,'2월'!$D:$D,C7,'2월'!$C:$C,$H$2) -> 0 | J7: =IF(ISERROR(F7/$E$9),,(F7/$E$9)) -> 0.31923649 | K7: =IF(ISERROR(G7/$E$9),,(G7/$E$9)) -> 0 | L7: =IF(ISERROR(H7/$E$9),,(H7/$E$9)) -> 0
J8: =IF(ISERROR(F8/$E$9),,(F8/$E$9)) -> 0 | K8: =IF(ISERROR(G8/$E$9),,(G8/$E$9)) -> 0 | L8: =IF(ISERROR(H8/$E$9),,(H8/$E$9)) -> 0
A9: 수입 계 | E9: =+E3+E4 -> 18794844 | F9: =+F3+F4 -> 6578155 | G9: =+G3+G4 -> 6475664 | H9: =+H3+H4 -> 5741025
J10: =IF(ISERROR(F10/$E$100),,(F10/$E$100)) -> 0 | K10: =IF(ISERROR(G10/$E$100),,(G10/$E$100)) -> 0 | L10: =IF(ISERROR(H10/$E$100),,(H10/$E$100)) -> 0
A11: 지출 | B11: 고정 | C11: 임차 | E11: =SUM(F11:H11) -> 4306930 | F11: =SUMIFS('2월'!$I:$I,'2월'!$D:$D,C11,'2월'!$C:$C,$F$2) -> 4306930 | G11: =SUMIFS('2월'!$I:$I,'2월'!$D:$D,C11,'2월'!$C:$C,$G$2) -> 0 | H11: =SUMIFS('2월'!$I:$I,'2월'!$D:$D,C11,'2월'!$C:$C,$H$2) -> 0
C12: 관리 | E12: =SUM(E13:E18) -> 377180 | F12: =SUM(F13:F18) -> 377180 | G12: =SUM(G13:G18) -> 0 | H12: =SUM(H13:H18) -> 0 | K12: =IF(ISERROR(G12/$E$100),,(G12/$E$100)) -> 0 | L12: =IF(ISERROR(H12/$E$100),,(H12/$E$100)) -> 0
C13: 관리기본 | E13: =SUM(F13:H13) -> 158600 | F13: =SUMIFS('2월'!$I:$I,'2월'!$D:$D,C13,'2월'!$C:$C,$F$2) -> 158600 | G13: =SUMIFS('2월'!$I:$I,'2월'!$D:$D,C13,'2월'!$C:$C,$G$2) -> 0 | H13: =SUMIFS('2월'!$I:$I,'2월'!$D:$D,C13,'2월'!$C:$C,$H$2) -> 0 | J13: =IF(ISERROR(F13/$E$100),,(F13/$E$100)) -> 0.020757266 | K13: =IF(ISERROR(G13/$E$100),,(G13/$E$100)) -> 0 | L13: =IF(ISERROR(H13/$E$100),,(H13/$E$100)) -> 0
C14: 수도 | E14: =SUM(F14:H14) -> 80320 | F14: =SUMIFS('2월'!$I:$I,'2월'!$D:$D,C14,'2월'!$C:$C,$F$2) -> 80320 | G14: =SUMIFS('2월'!$I:$I,'2월'!$D:$D,C14,'2월'!$C:$C,$G$2) -> 0 | H14: =SUMIFS('2월'!$I:$I,'2월'!$D:$D,C14,'2월'!$C:$C,$H$2) -> 0 | J14: =IF(ISERROR(F14/$E$100),,(F14/$E$100)) -> 0.010512129 | K14: =IF(ISERROR(G14/$E$100),,(G14/$E$100)) -> 0 | L14: =IF(ISERROR(H14/$E$100),,(H14/$E$100)) -> 0
C15: 전기 | E15: =SUM(F15:H15) -> 44760 | F15: =SUMIFS('2월'!$I:$I,'2월'!$D:$D,C15,'2월'!$C:$C,$F$2) -> 44760 | G15: =SUMIFS('2월'!$I:$I,'2월'!$D:$D,C15,'2월'!$C:$C,$G$2) -> 0 | H15: =SUMIFS('2월'!$I:$I,'2월'!$D:$D,C15,'2월'!$C:$C,$H$2) -> 0 | J15: =IF(ISERROR(F15/$E$100),,(F15/$E$100)) -> 0.0058581035 | K15: =IF(ISERROR(G15/$E$100),,(G15/$E$100)) -> 0 | L15: =IF(ISERROR(H15/$E$100),,(H15/$E$100)) -> 0
C16: 가스 | D16: 시공비 | E16: =SUM(F16:H16) -> 93500 | F16: =SUMIFS('2월'!$I:$I,'2월'!$D:$D,C16,'2월'!$C:$C,$F$2) -> 93500 | G16: =SUMIFS('2월'!$I:$I,'2월'!$D:$D,C16,'2월'!$C:$C,$G$2) -> 0 | H16: =SUMIFS('2월'!$I:$I,'2월'!$D:$D,C16,'2월'!$C:$C,$H$2) -> 0 | J16: =IF(ISERROR(F16/$E$100),,(F16/$E$100)) -> 0.012237102 | K16: =IF(ISERROR(G16/$E$100),,(G16/$E$100)) -> 0 | L16: =IF(ISERROR(H16/$E$100),,(H16/$E$100)) -> 0
C17: 수리 | E17: =SUM(F17:H17) -> 0 | F17: =SUMIFS('2월'!$I:$I,'2월'!$D:$D,C17,'2월'!$C:$C,$F$2) -> 0 | G17: =SUMIFS('2월'!$I:$I,'2월'!$D:$D,C17,'2월'!$C:$C,$G$2) -> 0 | H17: =SUMIFS('2월'!$I:$I,'2월'!$D:$D,C17,'2월'!$C:$C,$H$2) -> 0 | J17: =IF(ISERROR(F17/$E$100),,(F17/$E$100)) -> 0 | K17: =IF(ISERROR(G17/$E$100),,(G17/$E$100)) -> 0 | L17: =IF(ISERROR(H17/$E$100),,(H17/$E$100)) -> 0
C18: 관리_기타 | D18: 예치금 | E18: =SUM(F18:H18) -> 0 | F18: =SUMIFS('2월'!$I:$I,'2월'!$D:$D,C18,'2월'!$C:$C,$F$2) -> 0 | G18: =SUMIFS('2월'!$I:$I,'2월'!$D:$D,C18,'2월'!$C:$C,$G$2) -> 0 | H18: =SUMIFS('2월'!$I:$I,'2월'!$D:$D,C18,'2월'!$C:$C,$H$2) -> 0 | J18: =IF(ISERROR(F18/$E$100),,(F18/$E$100)) -> 0 | K18: =IF(ISERROR(G18/$E$100),,(G18/$E$100)) -> 0 | L18: =IF(ISERROR(H18/$E$100),,(H18/$E$100)) -> 0
J19: =IF(ISERROR(F19/$E$100),,(F19/$E$100)) -> 0 | K19: =IF(ISERROR(G19/$E$100),,(G19/$E$100)) -> 0 | L19: =IF(ISERROR(H19/$E$100),,(H19/$E$100)) -> 0
C20: 대출상환 | E20: =SUM(F20:H20) -> 0 | F20: =SUMIFS('2월'!$I:$I,'2월'!$D:$D,C20,'2월'!$C:$C,$F$2) -> 0 | G20: =SUMIFS('2월'!$I:$I,'2월'!$D:$D,C20,'2월'!$C:$C,$G$2) -> 0 | H20: =SUMIFS('2월'!$I:$I,'2월'!$D:$D,C20,'2월'!$C:$C,$H$2) -> 0 | J20: =IF(ISERROR(F20/$E$100),,(F20/$E$100)) -> 0 | K20: =IF(ISERROR(G20/$E$100),,(G20/$E$100)) -> 0 | L20: =IF(ISERROR(H20/$E$100),,(H20/$E$100)) -> 0
C21: 대출이자 | E21: =SUM(F21:H21) -> 215020 | F21: =SUMIFS('2월'!$I:$I,'2월'!$D:$D,C21,'2월'!$C:$C,$F$2) -> 215020 | G21: =SUMIFS('2월'!$I:$I,'2월'!$D:$D,C21,'2월'!$C:$C,$G$2) -> 0 | H21: =SUMIFS('2월'!$I:$I,'2월'!$D:$D,C21,'2월'!$C:$C,$H$2) -> 0 | J21: =IF(ISERROR(F21/$E$100),,(F21/$E$100)) -> 0.028141408 | K21: =IF(ISERROR(G21/$E$100),,(G21/$E$100)) -> 0 | L21: =IF(ISERROR(H21/$E$100),,(H21/$E$100)) -> 0
J22: =IF(ISERROR(F22/$E$100),,(F22/$E$100)) -> 0 | K22: =IF(ISERROR(G22/$E$100),,(G22/$E$100)) -> 0 | L22: =IF(ISERROR(H22/$E$100),,(H22/$E$100)) -> 0
C23: 저축 | E23: =SUM(E24:E26) -> 0 | F23: =SUM(F24:F26) -> 0 | G23: =SUM(G24:G26) -> 0 | H23: =SUM(H24:H26) -> 0
C24: 예금 | E24: =SUM(F24:H24) -> 0 | F24: =SUMIFS('2월'!$I:$I,'2월'!$D:$D,C24,'2월'!$C:$C,$F$2) -> 0 | G24: =SUMIFS('2월'!$I:$I,'2월'!$D:$D,C24,'2월'!$C:$C,$G$2) -> 0 | H24: =SUMIFS('2월'!$I:$I,'2월'!$D:$D,C24,'2월'!$C:$C,$H$2) -> 0 | J24: =IF(ISERROR(F24/$E$100),,(F24/$E$100)) -> 0 | K24: =IF(ISERROR(G24/$E$100),,(G24/$E$100)) -> 0 | L24: =IF(ISERROR(H24/$E$100),,(H24/$E$100)) -> 0
C25: 적금 | E25: =SUM(F25:H25) -> 0 | F25: =SUMIFS('2월'!$I:$I,'2월'!$D:$D,C25,'2월'!$C:$C,$F$2) -> 0 | G25: =SUMIFS('2월'!$I:$I,'2월'!$D:$D,C25,'2월'!$C:$C,$G$2) -> 0 | H25: =SUMIFS('2월'!$I:$I,'2월'!$D:$D,C25,'2월'!$C:$C,$H$2) -> 0 | J25: =IF(ISERROR(F25/$E$100),,(F25/$E$100)) -> 0 | K25: =IF(ISERROR(G25/$E$100),,(G25/$E$100)) -> 0 | L25: =IF(ISERROR(H25/$E$100),,(H25/$E$100)) -> 0
C26: 주택청약 | E26: =SUM(F26:H26) -> 0 | F26: =SUMIFS('2월'!$I:$I,'2월'!$D:$D,C26,'2월'!$C:$C,$F$2) -> 0 | G26: =SUMIFS('2월'!$I:$I,'2월'!$D:$D,C26,'2월'!$C:$C,$G$2) -> 0 | H26: =SUMIFS('2월'!$I:$I,'2월'!$D:$D,C26,'2월'!$C:$C,$H$2) -> 0 | J26: =IF(ISERROR(F26/$E$100),,(F26/$E$100)) -> 0 | K26: =IF(ISERROR(G26/$E$100),,(G26/$E$100)) -> 0 | L26: =IF(ISERROR(H26/$E$100),,(H26/$E$100)) -> 0
E27: =SUM(F27:H27) -> 0 | F27: =SUMIFS('2월'!$I:$I,'2월'!$D:$D,C27,'2월'!$C:$C,$F$2) -> 0 | G27: =SUMIFS('2월'!$I:$I,'2월'!$D:$D,C27,'2월'!$C:$C,$G$2) -> 0 | H27: =SUMIFS('2월'!$I:$I,'2월'!$D:$D,C27,'2월'!$C:$C,$H$2) -> 0 | J27: =IF(ISERROR(F27/$E$100),,(F27/$E$100)) -> 0 | K27: =IF(ISERROR(G27/$E$100),,(G27/$E$100)) -> 0 | L27: =IF(ISERROR(H27/$E$100),,(H27/$E$100)) -> 0
C28: 보험 | E28: =SUM(F28:H28) -> -258363 | F28: =SUMIFS('2월'!$I:$I,'2월'!$D:$D,C28,'2월'!$C:$C,$F$2) -> 0 | G28: =SUMIFS('2월'!$I:$I,'2월'!$D:$D,C28,'2월'!$C:$C,$G$2) -> 0 | H28: =SUMIFS('2월'!$I:$I,'2월'!$D:$D,C28,'2월'!$C:$C,$H$2) -> -258363 | J28: =IF(ISERROR(F28/$E$100),,(F28/$E$100)) -> 0 | K28: =IF(ISERROR(G28/$E$100),,(G28/$E$100)) -> 0 | L28: =IF(ISERROR(H28/$E$100),,(H28/$E$100)) -> -0.033814057
J29: =IF(ISERROR(F29/$E$100),,(F29/$E$100)) -> 0 | K29: =IF(ISERROR(G29/$E$100),,(G29/$E$100)) -> 0 | L29: =IF(ISERROR(H29/$E$100),,(H29/$E$100)) -> 0
C30: 통신 | E30: =SUM(E31:E32) -> 111295 | F30: =SUM(F31:F32) -> 31350 | G30: =SUM(G31:G32) -> 28220 | H30: =SUM(H31:H32) -> 51725
C31: 전화 | E31: =SUM(F31:H31) -> 79945 | F31: =SUMIFS('2월'!$I:$I,'2월'!$D:$D,C31,'2월'!$C:$C,$F$2) -> 0 | G31: =SUMIFS('2월'!$I:$I,'2월'!$D:$D,C31,'2월'!$C:$C,$G$2) -> 28220 | H31: =SUMIFS('2월'!$I:$I,'2월'!$D:$D,C31,'2월'!$C:$C,$H$2) -> 51725 | J31: =IF(ISERROR(F31/$E$100),,(F31/$E$100)) -> 0 | K31: =IF(ISERROR(G31/$E$100),,(G31/$E$100)) -> 0.0036933798 | L31: =IF(ISERROR(H31/$E$100),,(H31/$E$100)) -> 0.0067696695
C32: 인터넷 | E32: =SUM(F32:H32) -> 31350 | F32: =SUMIFS('2월'!$I:$I,'2월'!$D:$D,C32,'2월'!$C:$C,$F$2) -> 31350 | G32: =SUMIFS('2월'!$I:$I,'2월'!$D:$D,C32,'2월'!$C:$C,$G$2) -> 0 | H32: =SUMIFS('2월'!$I:$I,'2월'!$D:$D,C32,'2월'!$C:$C,$H$2) -> 0 | J32: =IF(ISERROR(F32/$E$100),,(F32/$E$100)) -> 0.0041030283 | K32: =IF(ISERROR(G32/$E$100),,(G32/$E$100)) -> 0 | L32: =IF(ISERROR(H32/$E$100),,(H32/$E$100)) -> 0
E33: =SUM(F33:H33) -> 0 | F33: =SUMIFS('2월'!$I:$I,'2월'!$D:$D,C33,'2월'!$C:$C,$F$2) -> 0 | G33: =SUMIFS('2월'!$I:$I,'2월'!$D:$D,C33,'2월'!$C:$C,$G$2) -> 0 | H33: =SUMIFS('2월'!$I:$I,'2월'!$D:$D,C33,'2월'!$C:$C,$H$2) -> 0 | J33: =IF(ISERROR(F33/$E$100),,(F33/$E$100)) -> 0 | K33: =IF(ISERROR(G33/$E$100),,(G33/$E$100)) -> 0 | L33: =IF(ISERROR(H33/$E$100),,(H33/$E$100)) -> 0
C34: 교통 | E34: =SUM(E35:E37) -> 232800 | F34: =SUM(F35:F37) -> 232800 | G34: =SUM(G35:G37) -> 0 | H34: =SUM(H35:H37) -> 0
C35: 대중교통 | D35: 버스/지하철 | E35: =SUM(F35:H35) -> 219200 | F35: =SUMIFS('2월'!$I:$I,'2월'!$D:$D,C35,'2월'!$C:$C,$F$2) -> 219200 | G35: =SUMIFS('2월'!$I:$I,'2월'!$D:$D,C35,'2월'!$C:$C,$G$2) -> 0 | H35: =SUMIFS('2월'!$I:$I,'2월'!$D:$D,C35,'2월'!$C:$C,$H$2) -> 0 | J35: =IF(ISERROR(F35/$E$100),,(F35/$E$100)) -> 0.028688478 | K35: =IF(ISERROR(G35/$E$100),,(G35/$E$100)) -> 0 | L35: =IF(ISERROR(H35/$E$100),,(H35/$E$100)) -> 0
C36: 택시 | E36: =SUM(F36:H36) -> 13600 | F36: =SUMIFS('2월'!$I:$I,'2월'!$D:$D,C36,'2월'!$C:$C,$F$2) -> 13600 | G36: =SUMIFS('2월'!$I:$I,'2월'!$D:$D,C36,'2월'!$C:$C,$G$2) -> 0 | H36: =SUMIFS('2월'!$I:$I,'2월'!$D:$D,C36,'2월'!$C:$C,$H$2) -> 0 | J36: =IF(ISERROR(F36/$E$100),,(F36/$E$100)) -> 0.0017799421 | K36: =IF(ISERROR(G36/$E$100),,(G36/$E$100)) -> 0 | L36: =IF(ISERROR(H36/$E$100),,(H36/$E$100)) -> 0
C37: 교통_기타 | D37: 기차/시외버스/유류/답례/따릉이 | E37: =SUM(F37:H37) -> 0 | F37: =SUMIFS('2월'!$I:$I,'2월'!$D:$D,C37,'2월'!$C:$C,$F$2) -> 0 | G37: =SUMIFS('2월'!$I:$I,'2월'!$D:$D,C37,'2월'!$C:$C,$G$2) -> 0 | H37: =SUMIFS('2월'!$I:$I,'2월'!$D:$D,C37,'2월'!$C:$C,$H$2) -> 0 | J37: =IF(ISERROR(F37/$E$100),,(F37/$E$100)) -> 0 | K37: =IF(ISERROR(G37/$E$100),,(G37/$E$100)) -> 0 | L37: =IF(ISERROR(H37/$E$100),,(H37/$E$100)) -> 0
J38: =IF(ISERROR(F38/$E$100),,(F38/$E$100)) -> 0 | K38: =IF(ISERROR(G38/$E$100),,(G38/$E$100)) -> 0 | L38: =IF(ISERROR(H38/$E$100),,(H38/$E$100)) -> 0
C39: 세금 | D39: 주민세 | E39: =SUM(F39:H39) -> 0 | F39: =SUMIFS('2월'!$I:$I,'2월'!$D:$D,C39,'2월'!$C:$C,$F$2) -> 0 | G39: =SUMIFS('2월'!$I:$I,'2월'!$D:$D,C39,'2월'!$C:$C,$G$2) -> 0 | H39: =SUMIFS('2월'!$I:$I,'2월'!$D:$D,C39,'2월'!$C:$C,$H$2) -> 0 | J39: =IF(ISERROR(F39/$E$100),,(F39/$E$100)) -> 0 | K39: =IF(ISERROR(G39/$E$100),,(G39/$E$100)) -> 0 | L39: =IF(ISERROR(H39/$E$100),,(H39/$E$100)) -> 0
J40: =IF(ISERROR(F40/$E$100),,(F40/$E$100)) -> 0 | K40: =IF(ISERROR(G40/$E$100),,(G40/$E$100)) -> 0 | L40: =IF(ISERROR(H40/$E$100),,(H40/$E$100)) -> 0
C41: 수수료 | D41: 주민센터/은행/보증료(매2년) | E41: =SUM(F41:H41) -> 30730 | F41: =SUMIFS('2월'!$I:$I,'2월'!$D:$D,C41,'2월'!$C:$C,$F$2) -> 30730 | G41: =SUMIFS('2월'!$I:$I,'2월'!$D:$D,C41,'2월'!$C:$C,$G$2) -> 0 | H41: =SUMIFS('2월'!$I:$I,'2월'!$D:$D,C41,'2월'!$C:$C,$H$2) -> 0 | J41: =IF(ISERROR(F41/$E$100),,(F41/$E$100)) -> 0.0040218839 | K41: =IF(ISERROR(G41/$E$100),,(G41/$E$100)) -> 0 | L41: =IF(ISERROR(H41/$E$100),,(H41/$E$100)) -> 0
J42: =IF(ISERROR(F42/$E$100),,(F42/$E$100)) -> 0 | K42: =IF(ISERROR(G42/$E$100),,(G42/$E$100)) -> 0 | L42: =IF(ISERROR(H42/$E$100),,(H42/$E$100)) -> 0
E43: =SUM(F43:H43) -> 0 | F43: =SUMIFS('2월'!$I:$I,'2월'!$D:$D,C43,'2월'!$C:$C,$F$2) -> 0 | G43: =SUMIFS('2월'!$I:$I,'2월'!$D:$D,C43,'2월'!$C:$C,$G$2) -> 0 | H43: =SUMIFS('2월'!$I:$I,'2월'!$D:$D,C43,'2월'!$C:$C,$H$2) -> 0 | J43: =IF(ISERROR(F43/$E$100),,(F43/$E$100)) -> 0 | K43: =IF(ISERROR(G43/$E$100),,(G43/$E$100)) -> 0 | L43: =IF(ISERROR(H43/$E$100),,(H43/$E$100)) -> 0
B44: 변동 | C44: 식비 | E44: =SUM(E45:E55) -> 1721696 | F44: =SUM(F45:F55) -> 1171316 | G44: =SUM(G45:G55) -> 226500 | H44: =SUM(H45:H55) -> 323880
C45: 외식_아침 | E45: =SUM(F45:H45) -> 101800 | F45: =SUMIFS('2월'!$I:$I,'2월'!$D:$D,C45,'2월'!$C:$C,$F$2) -> 0 | G45: =SUMIFS('2월'!$I:$I,'2월'!$D:$D,C45,'2월'!$C:$C,$G$2) -> 5700 | H45: =SUMIFS('2월'!$I:$I,'2월'!$D:$D,C45,'2월'!$C:$C,$H$2) -> 96100 | J45: =IF(ISERROR(F45/$E$100),,(F45/$E$100)) -> 0 | K45: =IF(ISERROR(G45/$E$100),,(G45/$E$100)) -> 0.00074600514 | L45: =IF(ISERROR(H45/$E$100),,(H45/$E$100)) -> 0.012577385
C46: 외식_점심 | E46: =SUM(F46:H46) -> 122700 | F46: =SUMIFS('2월'!$I:$I,'2월'!$D:$D,C46,'2월'!$C:$C,$F$2) -> 28700 | G46: =SUMIFS('2월'!$I:$I,'2월'!$D:$D,C46,'2월'!$C:$C,$G$2) -> 54200 | H46: =SUMIFS('2월'!$I:$I,'2월'!$D:$D,C46,'2월'!$C:$C,$H$2) -> 39800 | J46: =IF(ISERROR(F46/$E$100),,(F46/$E$100)) -> 0.0037562013 | K46: =IF(ISERROR(G46/$E$100),,(G46/$E$100)) -> 0.0070935928 | L46: =IF(ISERROR(H46/$E$100),,(H46/$E$100)) -> 0.0052089482
C47: 외식_저녁 | E47: =SUM(F47:H47) -> 36050 | F47: =SUMIFS('2월'!$I:$I,'2월'!$D:$D,C47,'2월'!$C:$C,$F$2) -> 6150 | G47: =SUMIFS('2월'!$I:$I,'2월'!$D:$D,C47,'2월'!$C:$C,$G$2) -> 0 | H47: =SUMIFS('2월'!$I:$I,'2월'!$D:$D,C47,'2월'!$C:$C,$H$2) -> 29900 | J47: =IF(ISERROR(F47/$E$100),,(F47/$E$100)) -> 0.00080490029 | K47: =IF(ISERROR(G47/$E$100),,(G47/$E$100)) -> 0 | L47: =IF(ISERROR(H47/$E$100),,(H47/$E$100)) -> 0.003913255
C48: 배달 | E48: =SUM(F48:H48) -> 736600 | F48: =SUMIFS('2월'!$I:$I,'2월'!$D:$D,C48,'2월'!$C:$C,$F$2) -> 542000 | G48: =SUMIFS('2월'!$I:$I,'2월'!$D:$D,C48,'2월'!$C:$C,$G$2) -> 149600 | H48: =SUMIFS('2월'!$I:$I,'2월'!$D:$D,C48,'2월'!$C:$C,$H$2) -> 45000 | J48: =IF(ISERROR(F48/$E$100),,(F48/$E$100)) -> 0.070935928 | K48: =IF(ISERROR(G48/$E$100),,(G48/$E$100)) -> 0.019579363 | L48: =IF(ISERROR(H48/$E$100),,(H48/$E$100)) -> 0.0058895143
C49: 음주 | E49: =SUM(F49:H49) -> 444690 | F49: =SUMIFS('2월'!$I:$I,'2월'!$D:$D,C49,'2월'!$C:$C,$F$2) -> 386490 | G49: =SUMIFS('2월'!$I:$I,'2월'!$D:$D,C49,'2월'!$C:$C,$G$2) -> 0 | H49: =SUMIFS('2월'!$I:$I,'2월'!$D:$D,C49,'2월'!$C:$C,$H$2) -> 58200 | J49: =IF(ISERROR(F49/$E$100),,(F49/$E$100)) -> 0.050583075 | K49: =IF(ISERROR(G49/$E$100),,(G49/$E$100)) -> 0 | L49: =IF(ISERROR(H49/$E$100),,(H49/$E$100)) -> 0.0076171051
C50: 커피 | E50: =SUM(F50:H50) -> 47500 | F50: =SUMIFS('2월'!$I:$I,'2월'!$D:$D,C50,'2월'!$C:$C,$F$2) -> 0 | G50: =SUMIFS('2월'!$I:$I,'2월'!$D:$D,C50,'2월'!$C:$C,$G$2) -> 17000 | H50: =SUMIFS('2월'!$I:$I,'2월'!$D:$D,C50,'2월'!$C:$C,$H$2) -> 30500 | J50: =IF(ISERROR(F50/$E$100),,(F50/$E$100)) -> 0 | K50: =IF(ISERROR(G50/$E$100),,(G50/$E$100)) -> 0.0022249276 | L50: =IF(ISERROR(H50/$E$100),,(H50/$E$100)) -> 0.0039917819
C51: 생수 | D51: 생수/정수기 | E51: =SUM(F51:H51) -> 64280 | F51: =SUMIFS('2월'!$I:$I,'2월'!$D:$D,C51,'2월'!$C:$C,$F$2) -> 39900 | G51: =SUMIFS('2월'!$I:$I,'2월'!$D:$D,C51,'2월'!$C:$C,$G$2) -> 0 | H51: =SUMIFS('2월'!$I:$I,'2월'!$D:$D,C51,'2월'!$C:$C,$H$2) -> 24380 | J51: =IF(ISERROR(F51/$E$100),,(F51/$E$100)) -> 0.005222036 | K51: =IF(ISERROR(G51/$E$100),,(G51/$E$100)) -> 0 | L51: =IF(ISERROR(H51/$E$100),,(H51/$E$100)) -> 0.003190808
C52: 간식 | E52: =SUM(F52:H52) -> 77380 | F52: =SUMIFS('2월'!$I:$I,'2월'!$D:$D,C52,'2월'!$C:$C,$F$2) -> 77380 | G52: =SUMIFS('2월'!$I:$I,'2월'!$D:$D,C52,'2월'!$C:$C,$G$2) -> 0 | H52: =SUMIFS('2월'!$I:$I,'2월'!$D:$D,C52,'2월'!$C:$C,$H$2) -> 0 | J52: =IF(ISERROR(F52/$E$100),,(F52/$E$100)) -> 0.010127347 | K52: =IF(ISERROR(G52/$E$100),,(G52/$E$100)) -> 0 | L52: =IF(ISERROR(H52/$E$100),,(H52/$E$100)) -> 0
C53: 식자재 | E53: =SUM(F53:H53) -> 90696 | F53: =SUMIFS('2월'!$I:$I,'2월'!$D:$D,C53,'2월'!$C:$C,$F$2) -> 90696 | G53: =SUMIFS('2월'!$I:$I,'2월'!$D:$D,C53,'2월'!$C:$C,$G$2) -> 0 | H53: =SUMIFS('2월'!$I:$I,'2월'!$D:$D,C53,'2월'!$C:$C,$H$2) -> 0 | J53: =IF(ISERROR(F53/$E$100),,(F53/$E$100)) -> 0.01187012 | K53: =IF(ISERROR(G53/$E$100),,(G53/$E$100)) -> 0 | L53: =IF(ISERROR(H53/$E$100),,(H53/$E$100)) -> 0
C54: 과일 | E54: =SUM(F54:H54) -> 0 | F54: =SUMIFS('2월'!$I:$I,'2월'!$D:$D,C54,'2월'!$C:$C,$F$2) -> 0 | G54: =SUMIFS('2월'!$I:$I,'2월'!$D:$D,C54,'2월'!$C:$C,$G$2) -> 0 | H54: =SUMIFS('2월'!$I:$I,'2월'!$D:$D,C54,'2월'!$C:$C,$H$2) -> 0 | J54: =IF(ISERROR(F54/$E$100),,(F54/$E$100)) -> 0 | K54: =IF(ISERROR(G54/$E$100),,(G54/$E$100)) -> 0 | L54: =IF(ISERROR(H54/$E$100),,(H54/$E$100)) -> 0
C55: 배달비 | D55: 배달음식 | E55: =SUM(F55:H55) -> 0 | F55: =SUMIFS('2월'!$I:$I,'2월'!$D:$D,C55,'2월'!$C:$C,$F$2) -> 0 | G55: =SUMIFS('2월'!$I:$I,'2월'!$D:$D,C55,'2월'!$C:$C,$G$2) -> 0 | H55: =SUMIFS('2월'!$I:$I,'2월'!$D:$D,C55,'2월'!$C:$C,$H$2) -> 0 | J55: =IF(ISERROR(F55/$E$100),,(F55/$E$100)) -> 0 | K55: =IF(ISERROR(G55/$E$100),,(G55/$E$100)) -> 0 | L55: =IF(ISERROR(H55/$E$100),,(H55/$E$100)) -> 0
J56: =IF(ISERROR(F56/$E$100),,(F56/$E$100)) -> 0 | K56: =IF(ISERROR(G56/$E$100),,(G56/$E$100)) -> 0 | L56: =IF(ISERROR(H56/$E$100),,(H56/$E$100)) -> 0
C57: 주거 | E57: =SUM(E58:E62) -> 17500 | F57: =SUM(F58:F62) -> 17500 | G57: =SUM(G58:G62) -> 0 | H57: =SUM(H58:H62) -> 0
C58: 주방 | D58: 세제/수세미/조리도구 | E58: =SUM(F58:H58) -> 16900 | F58: =SUMIFS('2월'!$I:$I,'2월'!$D:$D,C58,'2월'!$C:$C,$F$2) -> 16900 | G58: =SUMIFS('2월'!$I:$I,'2월'!$D:$D,C58,'2월'!$C:$C,$G$2) -> 0 | H58: =SUMIFS('2월'!$I:$I,'2월'!$D:$D,C58,'2월'!$C:$C,$H$2) -> 0 | J58: =IF(ISERROR(F58/$E$100),,(F58/$E$100)) -> 0.0022118398 | K58: =IF(ISERROR(G58/$E$100),,(G58/$E$100)) -> 0 | L58: =IF(ISERROR(H58/$E$100),,(H58/$E$100)) -> 0
C59: 욕실 | D59: 두루마리화장지/수건/샤워볼 | E59: =SUM(F59:H59) -> 0 | F59: =SUMIFS('2월'!$I:$I,'2월'!$D:$D,C59,'2월'!$C:$C,$F$2) -> 0 | G59: =SUMIFS('2월'!$I:$I,'2월'!$D:$D,C59,'2월'!$C:$C,$G$2) -> 0 | H59: =SUMIFS('2월'!$I:$I,'2월'!$D:$D,C59,'2월'!$C:$C,$H$2) -> 0 | J59: =IF(ISERROR(F59/$E$100),,(F59/$E$100)) -> 0 | K59: =IF(ISERROR(G59/$E$100),,(G59/$E$100)) -> 0 | L59: =IF(ISERROR(H59/$E$100),,(H59/$E$100)) -> 0
C60: 가전 | D60: 렌탈/수리 | E60: =SUM(F60:H60) -> 0 | F60: =SUMIFS('2월'!$I:$I,'2월'!$D:$D,C60,'2월'!$C:$C,$F$2) -> 0 | G60: =SUMIFS('2월'!$I:$I,'2월'!$D:$D,C60,'2월'!$C:$C,$G$2) -> 0 | H60: =SUMIFS('2월'!$I:$I,'2월'!$D:$D,C60,'2월'!$C:$C,$H$2) -> 0 | J60: =IF(ISERROR(F60/$E$100),,(F60/$E$100)) -> 0 | K60: =IF(ISERROR(G60/$E$100),,(G60/$E$100)) -> 0 | L60: =IF(ISERROR(H60/$E$100),,(H60/$E$100)) -> 0
C61: 가구 | D61: 커튼/옷걸이/이불 | E61: =SUM(F61:H61) -> 0 | F61: =SUMIFS('2월'!$I:$I,'2월'!$D:$D,C61,'2월'!$C:$C,$F$2) -> 0 | G61: =SUMIFS('2월'!$I:$I,'2월'!$D:$D,C61,'2월'!$C:$C,$G$2) -> 0 | H61: =SUMIFS('2월'!$I:$I,'2월'!$D:$D,C61,'2월'!$C:$C,$H$2) -> 0 | J61: =IF(ISERROR(F61/$E$100),,(F61/$E$100)) -> 0 | K61: =IF(ISERROR(G61/$E$100),,(G61/$E$100)) -> 0 | L61: =IF(ISERROR(H61/$E$100),,(H61/$E$100)) -> 0
C62: 주거_기타 | D62: 종량제봉투/이사/청소/음식물쓰레기/건전지 | E62: =SUM(F62:H62) -> 600 | F62: =SUMIFS('2월'!$I:$I,'2월'!$D:$D,C62,'2월'!$C:$C,$F$2) -> 600 | G62: =SUMIFS('2월'!$I:$I,'2월'!$D:$D,C62,'2월'!$C:$C,$G$2) -> 0 | H62: =SUMIFS('2월'!$I:$I,'2월'!$D:$D,C62,'2월'!$C:$C,$H$2) -> 0 | J62: =IF(ISERROR(F62/$E$100),,(F62/$E$100)) -> 7.8526857e-05 | K62: =IF(ISERROR(G62/$E$100),,(G62/$E$100)) -> 0 | L62: =IF(ISERROR(H62/$E$100),,(H62/$E$100)) -> 0
J63: =IF(ISERROR(F63/$E$100),,(F63/$E$100)) -> 0 | K63: =IF(ISERROR(G63/$E$100),,(G63/$E$100)) -> 0 | L63: =IF(ISERROR(H63/$E$100),,(H63/$E$100)) -> 0
C64: 생활 | E64: =SUM(E65:E68) -> 43710 | F64: =SUM(F65:F68) -> 0 | G64: =SUM(G65:G68) -> 0 | H64: =SUM(H65:H68) -> 43710
C65: 바디 | D65: 세면/구강/샴푸/핸드워시 | E65: =SUM(F65:H65) -> 0 | F65: =SUMIFS('2월'!$I:$I,'2월'!$D:$D,C65,'2월'!$C:$C,$F$2) -> 0 | G65: =SUMIFS('2월'!$I:$I,'2월'!$D:$D,C65,'2월'!$C:$C,$G$2) -> 0 | H65: =SUMIFS('2월'!$I:$I,'2월'!$D:$D,C65,'2월'!$C:$C,$H$2) -> 0 | J65: =IF(ISERROR(F65/$E$100),,(F65/$E$100)) -> 0 | K65: =IF(ISERROR(G65/$E$100),,(G65/$E$100)) -> 0 | L65: =IF(ISERROR(H65/$E$100),,(H65/$E$100)) -> 0
C66: 기초케어 | D66: 스킨/로션/크림/면도 | E66: =SUM(F66:H66) -> 36510 | F66: =SUMIFS('2월'!$I:$I,'2월'!$D:$D,C66,'2월'!$C:$C,$F$2) -> 0 | G66: =SUMIFS('2월'!$I:$I,'2월'!$D:$D,C66,'2월'!$C:$C,$G$2) -> 0 | H66: =SUMIFS('2월'!$I:$I,'2월'!$D:$D,C66,'2월'!$C:$C,$H$2) -> 36510 | J66: =IF(ISERROR(F66/$E$100),,(F66/$E$100)) -> 0 | K66: =IF(ISERROR(G66/$E$100),,(G66/$E$100)) -> 0 | L66: =IF(ISERROR(H66/$E$100),,(H66/$E$100)) -> 0.0047783593
C67: 미용실 | E67: =SUM(F67:H67) -> 0 | F67: =SUMIFS('2월'!$I:$I,'2월'!$D:$D,C67,'2월'!$C:$C,$F$2) -> 0 | G67: =SUMIFS('2월'!$I:$I,'2월'!$D:$D,C67,'2월'!$C:$C,$G$2) -> 0 | H67: =SUMIFS('2월'!$I:$I,'2월'!$D:$D,C67,'2월'!$C:$C,$H$2) -> 0 | J67: =IF(ISERROR(F67/$E$100),,(F67/$E$100)) -> 0 | K67: =IF(ISERROR(G67/$E$100),,(G67/$E$100)) -> 0 | L67: =IF(ISERROR(H67/$E$100),,(H67/$E$100)) -> 0
C68: 생활_기타 | D68: 물티슈/미용티슈/생리대/마스크/면봉/봉투값 | E68: =SUM(F68:H68) -> 7200 | F68: =SUMIFS('2월'!$I:$I,'2월'!$D:$D,C68,'2월'!$C:$C,$F$2) -> 0 | G68: =SUMIFS('2월'!$I:$I,'2월'!$D:$D,C68,'2월'!$C:$C,$G$2) -> 0 | H68: =SUMIFS('2월'!$I:$I,'2월'!$D:$D,C68,'2월'!$C:$C,$H$2) -> 7200 | J68: =IF(ISERROR(F68/$E$100),,(F68/$E$100)) -> 0 | K68: =IF(ISERROR(G68/$E$100),,(G68/$E$100)) -> 0 | L68: =IF(ISERROR(H68/$E$100),,(H68/$E$100)) -> 0.00094232229
J69: =IF(ISERROR(F69/$E$100),,(F69/$E$100)) -> 0 | K69: =IF(ISERROR(G69/$E$100),,(G69/$E$100)) -> 0 | L69: =IF(ISERROR(H69/$E$100),,(H69/$E$100)) -> 0
J70: =IF(ISERROR(F70/$E$100),,(F70/$E$100)) -> 0 | K70: =IF(ISERROR(G70/$E$100),,(G70/$E$100)) -> 0 | L70: =IF(ISERROR(H70/$E$100),,(H70/$E$100)) -> 0
C71: 의복 | E71: =SUM(E72:E77) -> 0 | F71: =SUM(F72:F77) -> 0 | G71: =SUM(G72:G77) -> 0 | H71: =SUM(H72:H77) -> 0
C72: 상의 | E72: =SUM(F72:H72) -> 0 | F72: =SUMIFS('2월'!$I:$I,'2월'!$D:$D,C72,'2월'!$C:$C,$F$2) -> 0 | G72: =SUMIFS('2월'!$I:$I,'2월'!$D:$D,C72,'2월'!$C:$C,$G$2) -> 0 | H72: =SUMIFS('2월'!$I:$I,'2월'!$D:$D,C72,'2월'!$C:$C,$H$2) -> 0 | J72: =IF(ISERROR(F72/$E$100),,(F72/$E$100)) -> 0 | K72: =IF(ISERROR(G72/$E$100),,(G72/$E$100)) -> 0 | L72: =IF(ISERROR(H72/$E$100),,(H72/$E$100)) -> 0
C73: 하의 | E73: =SUM(F73:H73) -> 0 | F73: =SUMIFS('2월'!$I:$I,'2월'!$D:$D,C73,'2월'!$C:$C,$F$2) -> 0 | G73: =SUMIFS('2월'!$I:$I,'2월'!$D:$D,C73,'2월'!$C:$C,$G$2) -> 0 | H73: =SUMIFS('2월'!$I:$I,'2월'!$D:$D,C73,'2월'!$C:$C,$H$2) -> 0 | J73: =IF(ISERROR(F73/$E$100),,(F73/$E$100)) -> 0 | K73: =IF(ISERROR(G73/$E$100),,(G73/$E$100)) -> 0 | L73: =IF(ISERROR(H73/$E$100),,(H73/$E$100)) -> 0
C74: 내의 | D74: 속옷/샤워가운 | E74: =SUM(F74:H74) -> 0 | F74: =SUMIFS('2월'!$I:$I,'2월'!$D:$D,C74,'2월'!$C:$C,$F$2) -> 0 | G74: =SUMIFS('2월'!$I:$I,'2월'!$D:$D,C74,'2월'!$C:$C,$G$2) -> 0 | H74: =SUMIFS('2월'!$I:$I,'2월'!$D:$D,C74,'2월'!$C:$C,$H$2) -> 0 | J74: =IF(ISERROR(F74/$E$100),,(F74/$E$100)) -> 0 | K74: =IF(ISERROR(G74/$E$100),,(G74/$E$100)) -> 0 | L74: =IF(ISERROR(H74/$E$100),,(H74/$E$100)) -> 0
C75: 외투 | D75: 상+하의 (원피스) | E75: =SUM(F75:H75) -> 0 | F75: =SUMIFS('2월'!$I:$I,'2월'!$D:$D,C75,'2월'!$C:$C,$F$2) -> 0 | G75: =SUMIFS('2월'!$I:$I,'2월'!$D:$D,C75,'2월'!$C:$C,$G$2) -> 0 | H75: =SUMIFS('2월'!$I:$I,'2월'!$D:$D,C75,'2월'!$C:$C,$H$2) -> 0 | J75: =IF(ISERROR(F75/$E$100),,(F75/$E$100)) -> 0 | K75: =IF(ISERROR(G75/$E$100),,(G75/$E$100)) -> 0 | L75: =IF(ISERROR(H75/$E$100),,(H75/$E$100)) -> 0
C76: 잡화 | D76: 양말/신발/가방/모자/안경 | E76: =SUM(F76:H76) -> 0 | F76: =SUMIFS('2월'!$I:$I,'2월'!$D:$D,C76,'2월'!$C:$C,$F$2) -> 0 | G76: =SUMIFS('2월'!$I:$I,'2월'!$D:$D,C76,'2월'!$C:$C,$G$2) -> 0 | H76: =SUMIFS('2월'!$I:$I,'2월'!$D:$D,C76,'2월'!$C:$C,$H$2) -> 0 | J76: =IF(ISERROR(F76/$E$100),,(F76/$E$100)) -> 0 | K76: =IF(ISERROR(G76/$E$100),,(G76/$E$100)) -> 0 | L76: =IF(ISERROR(H76/$E$100),,(H76/$E$100)) -> 0
C77: 의복관리 | D77: 세제/세탁소/세탁/수선/렌즈클리너 | E77: =SUM(F77:H77) -> 0 | F77: =SUMIFS('2월'!$I:$I,'2월'!$D:$D,C77,'2월'!$C:$C,$F$2) -> 0 | G77: =SUMIFS('2월'!$I:$I,'2월'!$D:$D,C77,'2월'!$C:$C,$G$2) -> 0 | H77: =SUMIFS('2월'!$I:$I,'2월'!$D:$D,C77,'2월'!$C:$C,$H$2) -> 0 | J77: =IF(ISERROR(F77/$E$100),,(F77/$E$100)) -> 0 | K77: =IF(ISERROR(G77/$E$100),,(G77/$E$100)) -> 0 | L77: =IF(ISERROR(H77/$E$100),,(H77/$E$100)) -> 0
J78: =IF(ISERROR(F78/$E$100),,(F78/$E$100)) -> 0 | K78: =IF(ISERROR(G78/$E$100),,(G78/$E$100)) -> 0 | L78: =IF(ISERROR(H78/$E$100),,(H78/$E$100)) -> 0
J79: =IF(ISERROR(F79/$E$100),,(F79/$E$100)) -> 0 | K79: =IF(ISERROR(G79/$E$100),,(G79/$E$100)) -> 0 | L79: =IF(ISERROR(H79/$E$100),,(H79/$E$100)) -> 0
J80: =IF(ISERROR(F80/$E$100),,(F80/$E$100)) -> 0 | K80: =IF(ISERROR(G80/$E$100),,(G80/$E$100)) -> 0 | L80: =IF(ISERROR(H80/$E$100),,(H80/$E$100)) -> 0
C81: 건강 | E81: =SUM(E82:E86) -> 421100 | F81: =SUM(F82:F86) -> 0 | G81: =SUM(G82:G86) -> 0 | H81: =SUM(H82:H86) -> 421100
C82: 병원 | E82: =SUM(F82:H82) -> 321800 | F82: =SUMIFS('2월'!$I:$I,'2월'!$D:$D,C82,'2월'!$C:$C,$F$2) -> 0 | G82: =SUMIFS('2월'!$I:$I,'2월'!$D:$D,C82,'2월'!$C:$C,$G$2) -> 0 | H82: =SUMIFS('2월'!$I:$I,'2월'!$D:$D,C82,'2월'!$C:$C,$H$2) -> 321800 | J82: =IF(ISERROR(F82/$E$100),,(F82/$E$100)) -> 0 | K82: =IF(ISERROR(G82/$E$100),,(G82/$E$100)) -> 0 | L82: =IF(ISERROR(H82/$E$100),,(H82/$E$100)) -> 0.042116571
C83: 약 | E83: =SUM(F83:H83) -> 28300 | F83: =SUMIFS('2월'!$I:$I,'2월'!$D:$D,C83,'2월'!$C:$C,$F$2) -> 0 | G83: =SUMIFS('2월'!$I:$I,'2월'!$D:$D,C83,'2월'!$C:$C,$G$2) -> 0 | H83: =SUMIFS('2월'!$I:$I,'2월'!$D:$D,C83,'2월'!$C:$C,$H$2) -> 28300 | J83: =IF(ISERROR(F83/$E$100),,(F83/$E$100)) -> 0 | K83: =IF(ISERROR(G83/$E$100),,(G83/$E$100)) -> 0 | L83: =IF(ISERROR(H83/$E$100),,(H83/$E$100)) -> 0.0037038501
C84: 운동 | D84: 헬스장/운동복/운동기구 | E84: =SUM(F84:H84) -> 0 | F84: =SUMIFS('2월'!$I:$I,'2월'!$D:$D,C84,'2월'!$C:$C,$F$2) -> 0 | G84: =SUMIFS('2월'!$I:$I,'2월'!$D:$D,C84,'2월'!$C:$C,$G$2) -> 0 | H84: =SUMIFS('2월'!$I:$I,'2월'!$D:$D,C84,'2월'!$C:$C,$H$2) -> 0 | J84: =IF(ISERROR(F84/$E$100),,(F84/$E$100)) -> 0 | K84: =IF(ISERROR(G84/$E$100),,(G84/$E$100)) -> 0 | L84: =IF(ISERROR(H84/$E$100),,(H84/$E$100)) -> 0
C85: 영양 | D85: 영양제/보충제 | E85: =SUM(F85:H85) -> 71000 | F85: =SUMIFS('2월'!$I:$I,'2월'!$D:$D,C85,'2월'!$C:$C,$F$2) -> 0 | G85: =SUMIFS('2월'!$I:$I,'2월'!$D:$D,C85,'2월'!$C:$C,$G$2) -> 0 | H85: =SUMIFS('2월'!$I:$I,'2월'!$D:$D,C85,'2월'!$C:$C,$H$2) -> 71000 | J85: =IF(ISERROR(F85/$E$100),,(F85/$E$100)) -> 0 | K85: =IF(ISERROR(G85/$E$100),,(G85/$E$100)) -> 0 | L85: =IF(ISERROR(H85/$E$100),,(H85/$E$100)) -> 0.0092923448
C86: 건강_기타 | D86: 파스/밴드/소독 | E86: =SUM(F86:H86) -> 0 | F86: =SUMIFS('2월'!$I:$I,'2월'!$D:$D,C86,'2월'!$C:$C,$F$2) -> 0 | G86: =SUMIFS('2월'!$I:$I,'2월'!$D:$D,C86,'2월'!$C:$C,$G$2) -> 0 | H86: =SUMIFS('2월'!$I:$I,'2월'!$D:$D,C86,'2월'!$C:$C,$H$2) -> 0 | J86: =IF(ISERROR(F86/$E$100),,(F86/$E$100)) -> 0 | K86: =IF(ISERROR(G86/$E$100),,(G86/$E$100)) -> 0 | L86: =IF(ISERROR(H86/$E$100),,(H86/$E$100)) -> 0
E87: =SUM(F87:H87) -> 0 | F87: =SUMIFS('2월'!$I:$I,'2월'!$D:$D,C87,'2월'!$C:$C,$F$2) -> 0 | G87: =SUMIFS('2월'!$I:$I,'2월'!$D:$D,C87,'2월'!$C:$C,$G$2) -> 0 | H87: =SUMIFS('2월'!$I:$I,'2월'!$D:$D,C87,'2월'!$C:$C,$H$2) -> 0 | J87: =IF(ISERROR(F87/$E$100),,(F87/$E$100)) -> 0 | K87: =IF(ISERROR(G87/$E$100),,(G87/$E$100)) -> 0 | L87: =IF(ISERROR(H87/$E$100),,(H87/$E$100)) -> 0
C88: 여가 | E88: =SUM(E89:E92) -> 221400 | F88: =SUM(F89:F92) -> 221400 | G88: =SUM(G89:G92) -> 0 | H88: =SUM(H89:H92) -> 0
C89: 여행 | D89: 숙박/식비/교통/참가비 | E89: =SUM(F89:H89) -> 221400 | F89: =SUMIFS('2월'!$I:$I,'2월'!$D:$D,C89,'2월'!$C:$C,$F$2) -> 221400 | G89: =SUMIFS('2월'!$I:$I,'2월'!$D:$D,C89,'2월'!$C:$C,$G$2) -> 0 | H89: =SUMIFS('2월'!$I:$I,'2월'!$D:$D,C89,'2월'!$C:$C,$H$2) -> 0 | J89: =IF(ISERROR(F89/$E$100),,(F89/$E$100)) -> 0.02897641 | K89: =IF(ISERROR(G89/$E$100),,(G89/$E$100)) -> 0 | L89: =IF(ISERROR(H89/$E$100),,(H89/$E$100)) -> 0
C90: 개발 | D90: 도서/문구/토익 | E90: =SUM(F90:H90) -> 0 | F90: =SUMIFS('2월'!$I:$I,'2월'!$D:$D,C90,'2월'!$C:$C,$F$2) -> 0 | G90: =SUMIFS('2월'!$I:$I,'2월'!$D:$D,C90,'2월'!$C:$C,$G$2) -> 0 | H90: =SUMIFS('2월'!$I:$I,'2월'!$D:$D,C90,'2월'!$C:$C,$H$2) -> 0 | J90: =IF(ISERROR(F90/$E$100),,(F90/$E$100)) -> 0 | K90: =IF(ISERROR(G90/$E$100),,(G90/$E$100)) -> 0 | L90: =IF(ISERROR(H90/$E$100),,(H90/$E$100)) -> 0
C91: 여가_기타 | D91: 복권/연회비/정기결제 | E91: =SUM(F91:H91) -> 0 | F91: =SUMIFS('2월'!$I:$I,'2월'!$D:$D,C91,'2월'!$C:$C,$F$2) -> 0 | G91: =SUMIFS('2월'!$I:$I,'2월'!$D:$D,C91,'2월'!$C:$C,$G$2) -> 0 | H91: =SUMIFS('2월'!$I:$I,'2월'!$D:$D,C91,'2월'!$C:$C,$H$2) -> 0 | J91: =IF(ISERROR(F91/$E$100),,(F91/$E$100)) -> 0 | K91: =IF(ISERROR(G91/$E$100),,(G91/$E$100)) -> 0 | L91: =IF(ISERROR(H91/$E$100),,(H91/$E$100)) -> 0
C92: 투자 | E92: =SUM(F92:H92) -> 0 | F92: =SUMIFS('2월'!$I:$I,'2월'!$D:$D,C92,'2월'!$C:$C,$F$2) -> 0 | G92: =SUMIFS('2월'!$I:$I,'2월'!$D:$D,C92,'2월'!$C:$C,$G$2) -> 0 | H92: =SUMIFS('2월'!$I:$I,'2월'!$D:$D,C92,'2월'!$C:$C,$H$2) -> 0 | J92: =IF(ISERROR(F92/$E$100),,(F92/$E$100)) -> 0 | K92: =IF(ISERROR(G92/$E$100),,(G92/$E$100)) -> 0 | L92: =IF(ISERROR(H92/$E$100),,(H92/$E$100)) -> 0
E93: =SUM(F93:H93) -> 0 | F93: =SUMIFS('2월'!$I:$I,'2월'!$D:$D,C93,'2월'!$C:$C,$F$2) -> 0 | G93: =SUMIFS('2월'!$I:$I,'2월'!$D:$D,C93,'2월'!$C:$C,$G$2) -> 0 | H93: =SUMIFS('2월'!$I:$I,'2월'!$D:$D,C93,'2월'!$C:$C,$H$2) -> 0 | J93: =IF(ISERROR(F93/$E$100),,(F93/$E$100)) -> 0 | K93: =IF(ISERROR(G93/$E$100),,(G93/$E$100)) -> 0 | L93: =IF(ISERROR(H93/$E$100),,(H93/$E$100)) -> 0
C94: 경조사 | E94: =SUM(E95:E98) -> 199700 | F94: =SUM(F95:F98) -> 208900 | G94: =SUM(G95:G98) -> 0 | H94: =SUM(H95:H98) -> -9200 | J94: =IF(ISERROR(F94/$E$100),,(F94/$E$100)) -> 0.027340434
C95: 현금 | E95: =SUM(F95:H95) -> -9200 | F95: =SUMIFS('2월'!$I:$I,'2월'!$D:$D,C95,'2월'!$C:$C,$F$2) -> 0 | G95: =SUMIFS('2월'!$I:$I,'2월'!$D:$D,C95,'2월'!$C:$C,$G$2) -> 0 | H95: =SUMIFS('2월'!$I:$I,'2월'!$D:$D,C95,'2월'!$C:$C,$H$2) -> -9200 | J95: =IF(ISERROR(F95/$E$100),,(F95/$E$100)) -> 0 | K95: =IF(ISERROR(G95/$E$100),,(G95/$E$100)) -> 0 | L95: =IF(ISERROR(H95/$E$100),,(H95/$E$100)) -> -0.0012040785
C96: 선물 | E96: =SUM(F96:H96) -> 104000 | F96: =SUMIFS('2월'!$I:$I,'2월'!$D:$D,C96,'2월'!$C:$C,$F$2) -> 104000 | G96: =SUMIFS('2월'!$I:$I,'2월'!$D:$D,C96,'2월'!$C:$C,$G$2) -> 0 | H96: =SUMIFS('2월'!$I:$I,'2월'!$D:$D,C96,'2월'!$C:$C,$H$2) -> 0 | J96: =IF(ISERROR(F96/$E$100),,(F96/$E$100)) -> 0.013611322 | K96: =IF(ISERROR(G96/$E$100),,(G96/$E$100)) -> 0 | L96: =IF(ISERROR(H96/$E$100),,(H96/$E$100)) -> 0
C97: 식사 | E97: =SUM(F97:H97) -> 104900 | F97: =SUMIFS('2월'!$I:$I,'2월'!$D:$D,C97,'2월'!$C:$C,$F$2) -> 104900 | G97: =SUMIFS('2월'!$I:$I,'2월'!$D:$D,C97,'2월'!$C:$C,$G$2) -> 0 | H97: =SUMIFS('2월'!$I:$I,'2월'!$D:$D,C97,'2월'!$C:$C,$H$2) -> 0 | J97: =IF(ISERROR(F97/$E$100),,(F97/$E$100)) -> 0.013729112 | K97: =IF(ISERROR(G97/$E$100),,(G97/$E$100)) -> 0 | L97: =IF(ISERROR(H97/$E$100),,(H97/$E$100)) -> 0
C98: 지인 | E98: =SUM(F98:H98) -> 0 | F98: =SUMIFS('2월'!$I:$I,'2월'!$D:$D,C98,'2월'!$C:$C,$F$2) -> 0 | G98: =SUMIFS('2월'!$I:$I,'2월'!$D:$D,C98,'2월'!$C:$C,$G$2) -> 0 | H98: =SUMIFS('2월'!$I:$I,'2월'!$D:$D,C98,'2월'!$C:$C,$H$2) -> 0 | J98: =IF(ISERROR(F98/$E$100),,(F98/$E$100)) -> 0 | K98: =IF(ISERROR(G98/$E$100),,(G98/$E$100)) -> 0 | L98: =IF(ISERROR(H98/$E$100),,(H98/$E$100)) -> 0
F99: =SUMIFS('2월'!$I:$I,'2월'!$D:$D,C99,'2월'!$C:$C,$F$2) -> 0 | G99: =SUMIFS('2월'!$I:$I,'2월'!$D:$D,C99,'2월'!$C:$C,$G$2) -> 0 | H99: =SUMIFS('2월'!$I:$I,'2월'!$D:$D,C99,'2월'!$C:$C,$H$2) -> 0 | J99: =IF(ISERROR(F99/$E$100),,(F99/$E$100)) -> 0 | K99: =IF(ISERROR(G99/$E$100),,(G99/$E$100)) -> 0 | L99: =IF(ISERROR(H99/$E$100),,(H99/$E$100)) -> 0
A100: 지출 계 | E100: =+E11+E12+E20+E21+E23+E28+E30+E34+E39+E41++E44+E57+E64+E71+E81+E88+E94 -> 7640698 | F100: =+F11+F12+F20+F21+F23+F28+F30+F34+F39+F41++F44+F57+F64+F71+F81+F88+F94 -> 6813126 | G100: =+G11+G12+G20+G21+G23+G28+G30+G34+G39+G41++G44+G57+G64+G71+G81+G88+G94 -> 254720 | H100: =+H11+H12+H20+H21+H23+H28+H30+H34+H39+H41++H44+H57+H64+H71+H81+H88+H94 -> 572852 | J100: =IF(ISERROR(F100/$E$100),,(F100/$E$100)) -> 0.89168895 | K100: =IF(ISERROR(G100/$E$100),,(G100/$E$100)) -> 0.033337268 | L100: =IF(ISERROR(H100/$E$100),,(H100/$E$100)) -> 0.074973779
...

Sheet 2월
A1: 날짜 | B1: 구매처 | C1: 사용자 | D1: 소분류 | E1: 지출(합계) | F1: 내용 | G1: 단가 | H1: 개수 | I1: 지출(매수) | J1: 결재수단 | K1: 증빙 | M1: =SUM(E:E) -> -11146646 | N1: =+M1-'2월(집계)'!E100+'2월(집계)'!E9 -> 7500
A3: 46054 | B3: 우렁쌈밥 | C3: 공동 | D3: 배달 | E3: =SUM(I3:I3) -> 24900 | F3: 제육볶음+우렁쌈밥 | G3: 24900 | H3: 1 | I3: =G3*H3 -> 24900 | J3: 농협 | K3: 0 | P3: 전기
A4: 46055 | B4: 새마을금고 | C4: 공동 | D4: 회수 | E4: =SUM(I4:I4) -> -6000000 | F4: 만기 | G4: -6000000 | H4: 1 | I4: =G4*H4 -> -6000000 | J4: 현금 | P4: 가스 | Q4: 시공비
A5: 46055 | B5: 새마을금고 | C5: 공동 | D5: 이자 | E5: =I5 -> -178155 | F5: 0.035 | G5: =-6178155-G4 -> -178155 | H5: 1 | I5: =G5*H5 -> -178155 | J5: 현금 | P5: 수리
A6: 46055 | B6: 제주반했어 | C6: 공동 | D6: 선물 | E6: =SUM(I6:I6) -> 51500 | G6: 51500 | H6: 1 | I6: =G6*H6 -> 51500 | J6: 현대
A7: 46055 | B7: 써브웨이 | C7: 아기 | D7: 외식_아침 | E7: =SUM(I7:I7) -> 7800 | F7: 로티세리 바비큐 치킨15 | G7: 7800 | H7: 1 | I7: =G7*H7 -> 7800 | J7: 삼성 | K7: 0 | P7: 관리_기타 | Q7: 예치금 | U7: 45870
A8: 46055 | B8: 화육면 | C8: 엉아 | D8: 외식_점심 | E8: =SUM(I8:I9) -> 19000 | F8: 고기국수 EYH | G8: 15000 | H8: 1 | I8: =G8*H8 -> 15000 | J8: 현대 | U8: 45871
A9: 46055 | B9: 화육면 | C9: 엉아 | D9: 차감 | G9: =19000-G8 -> 4000 | H9: 1 | I9: =G9*H9 -> 4000 | J9: 현대 | P9: 대출상환 | U9: 45872
A10: 46055 | B10: 가비당 | C10: 엉아 | D10: 배달 | E10: =SUM(I10:I10) -> 12300 | F10: 3일점심 초코가나슈쿠키 뽀또크림치즈쿠키 르뱅쿠키 | G10: 12300 | H10: 1 | I10: =G10*H10 -> 12300 | J10: 농협 | K10: 0 | P10: 대출이자 | U10: 45873
A11: 46055 | B11: LH | C11: 공동 | D11: 임차 | E11: =SUM(I11:I11) -> 311930 | F11: LH202601 | G11: 311930 | H11: 1 | I11: =G11*H11 -> 311930 | J11: 현금엉아 | P11: 저축 | U11: 45874
A12: 46056 | B12: 제주반했어 | C12: 공동 | D12: 선물 | E12: =SUM(I12:I12) -> 52500 | F12: 첫째날은 광고쿠폰 받아서 1000원 더 싼거 | G12: 52500 | H12: 1 | I12: =G12*H12 -> 52500 | J12: 현대 | P12: 이자 | U12: 45875
A13: 46056 | B13: 써브웨이 | C13: 아기 | D13: 외식_아침 | E13: =SUM(I13:I13) -> 7600 | F13: 풀드포크 바비큐15 | G13: 7600 | H13: 1 | I13: =G13*H13 -> 7600 | J13: 삼성 | K13: 0 | P13: 적금 | U13: 45876
A14: 46056 | B14: 서울재활의학과 | C14: 아기 | D14: 병원 | E14: =SUM(I14:I14) -> 100900 | G14: 100900 | H14: 1 | I14: =G14*H14 -> 100900 | J14: 농협 | K14: 0 | P14: 보험 | U14: 45877
A15: 46056 | B15: 비즈엘약국 | C15: 아기 | D15: 약 | E15: =SUM(I15:I15) -> 4100 | F15: 조제의약품 | G15: 4100 | H15: 1 | I15: =G15*H15 -> 4100 | J15: 농협 | K15: 0 | P15: 통신 | U15: 45878
A16: 46056 | B16: 크레이지카츠 | C16: 아기 | D16: 외식_저녁 | E16: =SUM(I16:I16) -> 1000 | F16: 선불13 | G16: 1000 | H16: 1 | I16: =G16*H16 -> 1000 | J16: 농협 | K16: 0 | U16: 45879
A17: 46056 | B17: 이마트 | C17: 공동 | D17: 음주 | E17: =SUM(I17:I18) -> 26600 | F17: 미스터보스턴 진 750 | G17: 8800 | H17: 1 | I17: =G17*H17 -> 8800 | J17: 국민 | K17: 0 | P17: 전화 | U17: 45880
A18: 46056 | B18: 이마트 | C18: 공동 | D18: 음주 | F18: 1887 프리미티보 | G18: 17800 | H18: 1 | I18: =G18*H18 -> 17800 | J18: 국민 | K18: 0 | P18: 인터넷 | U18: 45881
A19: 46057 | B19: 써브웨이 | C19: 아기 | D19: 외식_아침 | E19: =SUM(I19:I19) -> 7400 | F19: 참치15 에그슬라이스 | G19: 7400 | H19: 1 | I19: =G19*H19 -> 7400 | J19: 삼성 | K19: 0 | P19: 교통 | U19: 45882
A20: 46057 | B20: 고덕방 | C20: 아기 | D20: 커피 | E20: =SUM(I20:I20) -> 3400 | F20: 아이스아메리카노 | G20: 3400 | H20: 1 | I20: =G20*H20 -> 3400 | J20: 삼성 | K20: 0 | P20: 택시 | U20: 45883
A21: 46057 | B21: 실속보쌈 | C21: 엉아 | D21: 배달 | E21: =SUM(I21:I21) -> 12900 | F21: 1인보쌈도시락 | G21: 12900 | H21: 1 | I21: =G21*H21 -> 12900 | J21: 농협 | K21: 0 | P21: 교통_기타 | Q21: 기차/시외버스/유류/답례/따릉이 | U21: 45884
A22: 46057 | B22: 피자알볼로 | C22: 엉아 | D22: 배달 | E22: =SUM(I22:I22) -> 15000 | F22: 단호박피자 | G22: 15000 | H22: 1 | I22: =G22*H22 -> 15000 | J22: 농협 | K22: 0 | P22: 세금 | Q22: 주민세 | U22: 45885
A23: 46057 | B23: 서울재활의학과 | C23: 아기 | D23: 병원 | E23: =SUM(I23:I23) -> 14600 | G23: 14600 | H23: 1 | I23: =G23*H23 -> 14600 | J23: 삼성 | K23: 0 | P23: 수수료 | Q23: 주민센터/은행/보증료(매2년) | U23: 45886
A24: 46057 | C24: 아기 | D24: 외식_저녁 | E24: =SUM(I24:I24) -> 14900 | F24: 저녁, 뭐먹었는지 모르겠음 | G24: 14900 | H24: 1 | I24: =G24*H24 -> 14900 | J24: 국민 | M24: ?? | P24: 식비 | U24: 45887
A25: 46057 | B25: 코스트코 | C25: 공동 | D25: 음주 | E25: =SUM(I25:I25) -> 23290 | F25: 삐즙 | G25: 23290 | H25: 1 | I25: =G25*H25 -> 23290 | J25: 현대 | M25: ?? | P25: 외식_아침 | U25: 45888
A26: 46058 | B26: 써브웨이 | C26: 아기 | D26: 외식_아침 | E26: =SUM(I26:I26) -> 6800 | F26: 로티세리 바비큐 치킨15 | G26: 6800 | H26: 1 | I26: =G26*H26 -> 6800 | J26: 국민 | K26: 0 | P26: 외식_점심 | U26: 45889
A27: 46058 | B27: 더벤티 | C27: 아기 | D27: 커피 | E27: =SUM(I27:I27) -> 2000 | G27: 2000 | H27: 1 | I27: =G27*H27 -> 2000 | J27: 국민 | P27: 외식_저녁 | U27: 45890
A28: 46058 | B28: 가비당 | C28: 엉아 | D28: 배달 | E28: =SUM(I28:I28) -> 28800 | F28: 두끼인듯 두끼 바스크치즈케이크 초코휘낭시에 르뱅쿠키 초코가나슈쿠키 초코스모어쿠키 솔트카라멜휘낭시에 | G28: 28800 | H28: 1 | I28: =G28*H28 -> 28800 | J28: 농협 | K28: 0 | P28: 배달 | U28: 45891
A29: 46059 | B29: 고덕방 | C29: 아기 | D29: 커피 | E29: =SUM(I29:I29) -> 3400 | F29: 아이스아메리카노 | G29: 3400 | H29: 1 | I29: =G29*H29 -> 3400 | J29: 삼성 | K29: 0 | P29: 음주 | U29: 45892
A30: 46059 | B30: 한화손보 | C30: 아기 | D30: 보험 | E30: =SUM(I30:I30) -> -196700 | G30: -196700 | H30: 1 | I30: =G30*H30 -> -196700 | J30: 국민 | U30: 45893
A31: 46059 | B31: 서울재활의학과 | C31: 아기 | D31: 병원 | E31: =SUM(I31:I31) -> 14600 | G31: 14600 | H31: 1 | I31: =G31*H31 -> 14600 | J31: 삼성 | K31: 0 | P31: 커피 | U31: 45894
A32: 46059 | B32: 비즈엘약국 | C32: 아기 | D32: 약 | E32: =SUM(I32:I32) -> 3100 | G32: 3100 | H32: 1 | I32: =G32*H32 -> 3100 | J32: 삼성 | P32: 생수 | Q32: 생수/정수기 | U32: 45895
A33: 46059 | B33: 교촌치킨 | C33: 공동 | D33: 배달 | E33: =SUM(I33:I33) -> 26000 | F33: 한마리 간장허니갈릭반반 치즈트러플시즈님 | G33: 26000 | H33: 1 | I33: =G33*H33 -> 26000 | J33: 농협 | K33: 0 | P33: 간식 | U33: 45896
A34: 46059 | B34: CU | C34: 공동 | D34: 음주 | E34: =SUM(I34:I34) -> 16800 | F34: 카스1.6 켈리1.6 바삭팝콘스팸맛 | G34: 16800 | H34: 1 | I34: =G34*H34 -> 16800 | J34: 현금아기 | K34: 0 | P34: 식자재 | U34: 45897
A35: 46060 | B35: 인생맛죽 | C35: 엉아 | D35: 배달 | E35: =SUM(I35:I35) -> 11300 | F35: 보양삼계죽 계란찜 | G35: 11300 | H35: 1 | I35: =G35*H35 -> 11300 | J35: 국민 | K35: 0 | P35: 과일 | U35: 45898
A36: 46060 | B36: 모어댄구디스 | C36: 엉아 | D36: 배달 | E36: =SUM(I36:I36) -> 11100 | F36: 이거 커피 만원침? 아니면 점심? 딸기생크림도넛 초콜릿도넛 라뗴 | G36: 11100 | H36: 1 | I36: =G36*H36 -> 11100 | J36: 국민 | K36: 0 | P36: 배달비 | Q36: 배달음식 | U36: 45899
A37: 46060 | B37: 생생직판장 | C37: 아기 | D37: 배달 | E37: =SUM(I37:I37) -> 30000 | F37: 34000 두끼 숭어+참돔 | G37: 30000 | H37: 1 | I37: =G37*H37 -> 30000 | J37: 국민 | K37: 0 | P37: 주거 | U37: 45900
A38: 46060 | B38: 인생맛죽 | C38: 엉아 | D38: 배달 | E38: =SUM(I38:I38) -> 12800 | F38: 고소한참치죽 메추리알조림 | G38: 12800 | H38: 1 | I38: =G38*H38 -> 12800 | J38: 국민 | K38: 0 | P38: 주방 | Q38: 세제/수세미/조리도구
A39: 46061 | B39: Lagoon74 | C39: 공동 | D39: 배달 | E39: =SUM(I39:I39) -> 37000 | F39: 비싼거먹기로함 두끼 화덕마리게리따피자 빼쉐파스타 | G39: 37000 | H39: 1 | I39: =G39*H39 -> 37000 | J39: 국민 | K39: 0 | P39: 욕실 | Q39: 두루마리화장지/수건/샤워볼
A40: 46061 | B40: 원할머니보쌈 | C40: 공동 | D40: 배달 | E40: =SUM(I40:I40) -> 21000 | G40: 21000 | H40: 1 | I40: =G40*H40 -> 21000 | J40: 국민 | P40: 가전 | Q40: 렌탈/수리
A41: 46061 | B41: PNT몰 | C41: 아기 | D41: 영양 | E41: =SUM(I41:I41) -> 71000 | F41: 유산균 2달치 | G41: 71000 | H41: 1 | I41: =G41*H41 -> 71000 | J41: 현금아기 | P41: 가구 | Q41: 커튼/옷걸이/이불
A42: 46061 | B42: 쿠팡 | C42: 아기 | D42: 기초케어 | E42: =SUM(I42:I42) -> 36510 | F42: 면도기세정액 (거의 1년치) | G42: 36510 | H42: 1 | I42: =G42*H42 -> 36510 | J42: 국민
A43: 46061 | B43: 쿠팡 | C43: 아기 | D43: 생활_기타 | E43: =SUM(I43:I43) -> 7200 | F43: 핫팩 | G43: 7200 | H43: 1 | I43: =G43*H43 -> 7200 | J43: 국민
A44: 46062 | B44: 써브웨이 | C44: 아기 | D44: 외식_아침 | E44: =SUM(I44:I44) -> 7600 | F44: 풀드포크 바비큐15 | G44: 7600 | H44: 1 | I44: =G44*H44 -> 7600 | J44: 농협 | K44: 0 | P44: 주거_기타 | Q44: 종량제봉투/이사/청소/음식물쓰레기/건전지
A45: 46062 | B45: 실속보쌈 | C45: 엉아 | D45: 배달 | E45: =SUM(I45:I45) -> 12900 | F45: 1인보쌈도시락 | G45: 12900 | H45: 1 | I45: =G45*H45 -> 12900 | J45: 국민 | K45: 0
A46: 46062 | B46: 서울재활의학과 | C46: 아기 | D46: 병원 | E46: =SUM(I46:I46) -> 14600 | G46: 14600 | H46: 1 | I46: =G46*H46 -> 14600 | J46: 현대 | K46: 0 | P46: 기초케어 | Q46: 스킨/로션/크림/면도
A47: 46062 | B47: 비즈엘약국 | C47: 아기 | D47: 약 | E47: =SUM(I47:I47) -> 4100 | F47: 조제의약품 | G47: 4100 | H47: 1 | I47: =G47*H47 -> 4100 | J47: 현대 | K47: 0 | P47: 미용실
A48: 46062 | B48: 장미시장국밥 | C48: 아기 | D48: 외식_저녁 | E48: =SUM(I48:I48) -> 1000 | G48: 1000 | H48: 1 | I48: =G48*H48 -> 1000 | J48: 현대 | P48: 생활_기타 | Q48: 물티슈/미용티슈/생리대/마스크/면봉/봉투값
A49: 46062 | B49: LH | C49: 공동 | D49: 임차 | E49: =SUM(I49:I49) -> 3995000 | F49: 임차보증금 | G49: 3995000 | H49: 1 | I49: =G49*H49 -> 3995000 | J49: 현금
A50: 46063 | B50: 코카콜라직영몰 | C50: 아기 | D50: 생수 | E50: =SUM(I50:I50) -> 24380 | F50: 씨그램 | G50: 24380 | H50: 1 | I50: =G50*H50 -> 24380 | J50: 현대
A51: 46063 | B51: 써브웨이 | C51: 아기 | D51: 외식_아침 | E51: =SUM(I51:I51) -> 7400 | F51: 터키15 에그슬라이스 | G51: 7400 | H51: 1 | I51: =G51*H51 -> 7400 | J51: 국민 | K51: 0 | P51: 의복
A52: 46063 | B52: 고덕방 | C52: 아기 | D52: 커피 | E52: =SUM(I52:I52) -> 3400 | F52: 아이스아메리카노 | G52: 3400 | H52: 1 | I52: =G52*H52 -> 3400 | J52: 삼성 | K52: 0 | P52: 상의
A53: 46063 | B53: 카페보니또 | C53: 엉아 | D53: 커피 | E53: =SUM(I53:I53) -> 8500 | F53: HRO 구석집 | G53: 8500 | H53: 1 | I53: =G53*H53 -> 8500 | J53: 현대
A54: 46063 | B54: 한화손보 | C54: 아기 | D54: 보험 | E54: 16787 | G54: 16787 | H54: 1 | I54: =G54*H54 -> 16787 | J54: 삼성 | P54: 하의
A55: 46063 | B55: 더벤티 | C55: 아기 | D55: 커피 | E55: 2000 | G55: 2000 | H55: 1 | I55: =G55*H55 -> 2000 | J55: 국민 | P55: 내의 | Q55: 속옷/샤워가운
A56: 46063 | B56: SKT | C56: 아기 | D56: 전화 | E56: 51725 | G56: 51725 | H56: 1 | I56: =G56*H56 -> 51725 | J56: 국민 | P56: 외투
A57: 46063 | B57: KT | C57: 공동 | D57: 인터넷 | E57: 31350 | G57: 31350 | H57: 1 | I57: =G57*H57 -> 31350 | J57: 국민 | P57: 잡화 | Q57: 양말/신발/가방/모자
A58: 46063 | B58: LG전자 | C58: 공동 | D58: 생수 | E58: 39900 | G58: 39900 | H58: 1 | I58: =G58*H58 -> 39900 | J58: 현대 | P58: 의복관리 | Q58: 세제/세탁소/세탁/수선
A59: 46064 | B59: 써브웨이 | C59: 아기 | D59: 외식_아침 | E59: =SUM(I59:I59) -> 7600 | G59: 7600 | H59: 1 | I59: =G59*H59 -> 7600 | J59: 국민
A60: 46064 | B60: 더벤티 | C60: 아기 | D60: 커피 | E60: =SUM(I60:I60) -> 2000 | G60: 2000 | H60: 1 | I60: =G60*H60 -> 2000 | J60: 국민
A61: 46064 | B61: 한화손보 | C61: 아기 | D61: 현금 | E61: =SUM(I61:I61) -> -9200 | G61: -9200 | H61: 1 | I61: =G61*H61 -> -9200 | J61: 국민
A62: 46064 | B62: 정든집 | C62: 엉아 | D62: 배달 | E62: =SUM(I62:I62) -> 10200 | F62: 간단불고기200 | G62: 10200 | H62: 1 | I62: =G62*H62 -> 10200 | J62: 국민 | K62: 0 | P62: 건강
A63: 46064 | B63: 서울재활의학과 | C63: 아기 | D63: 병원 | E63: =SUM(I63:I63) -> 14600 | G63: 14600 | H63: 1 | I63: =G63*H63 -> 14600 | J63: 삼성 | P63: 병원
A64: 46064 | B64: 삼백돈 | C64: 엉아 | D64: 배달 | E64: =SUM(I64:I64) -> 11900 | F64: 안심 돈카츠 | G64: 11900 | H64: 1 | I64: =G64*H64 -> 11900 | J64: 국민 | K64: 0 | P64: 약
A65: 46065 | B65: 애슐리 | C65: 아기 | D65: 외식_점심 | E65: =SUM(I65:I65) -> 19900 | G65: 19900 | H65: 1 | I65: =G65*H65 -> 19900 | J65: 삼성 | P65: 운동 | Q65: 헬스장/운동복/운동기구
A66: 46065 | B66: KFC | C66: 엉아 | D66: 외식_점심 | E66: =SUM(I66:I66) -> 9200 | F66: 징거타워 에그타르트 | G66: 9200 | H66: 1 | I66: =G66*H66 -> 9200 | J66: 현대 | K66: 0 | P66: 영양 | Q66: 영양제/보충제
A67: 46065 | B67: 엘디스 리젠트 | C67: 공동 | D67: 여행 | E67: =SUM(I67:I67) -> 221400 | G67: 221400 | H67: 1 | I67: =G67*H67 -> 221400 | J67: 국민 | P67: 건강_기타 | Q67: 파스/밴드/소독
A68: 46065 | B68: CU | C68: 공동 | D68: 외식_저녁 | E68: =SUM(I68:I68) -> 6150 | G68: 6150 | H68: 1 | I68: =G68*H68 -> 6150 | J68: 현금아기
A69: 46066 | B69: 택시 | C69: 공동 | D69: 택시 | E69: =SUM(I69:I69) -> 13600 | F69: 장례식장까지 | G69: 13600 | H69: 1 | I69: =G69*H69 -> 13600 | J69: 삼성 | P69: 자동차
A70: 46066 | B70: 파수타 | C70: 공동 | D70: 외식_점심 | E70: =SUM(I70:I70) -> 28700 | G70: 28700 | H70: 1 | I70: =G70*H70 -> 28700 | J70: 국민 | P70: 주유주차 | Q70: 아기차 주유/아기차 주차비
A71: 46066 | B71: 인바이트 디저트 | C71: 공동 | D71: 간식 | E71: =SUM(I71:I74) -> 36000 | F71: crembrulee | G71: 9500 | H71: 1 | I71: =G71*H71 -> 9500 | J71: 국민 | K71: 0 | P71: 차세금 | Q71: 통행/과태료
A72: 46066 | B72: 인바이트 디저트 | C72: 공동 | D72: 간식 | F72: today special | G72: 10000 | H72: 1 | I72: =G72*H72 -> 10000 | J72: 국민 | K72: 0
A73: 46066 | B73: 인바이트 디저트 | C73: 공동 | D73: 간식 | F73: hand drip | G73: 8500 | H73: 1 | I73: =G73*H73 -> 8500 | J73: 국민 | K73: 0 | P73: 여가
A74: 46066 | B74: 인바이트 디저트 | C74: 공동 | D74: 간식 | F74: hand drip | G74: 8000 | H74: 1 | I74: =G74*H74 -> 8000 | J74: 국민 | K74: 0 | P74: 여행 | Q74: 숙박/식비/교통/참가비
A75: 46066 | B75: 현대백화점 | C75: 공동 | D75: 음주 | E75: =SUM(I75:I75) -> 80000 | F75: 소노마 커터 러시안 리버 밸리 피노누 | G75: 80000 | H75: 1 | I75: =G75*H75 -> 80000 | J75: 국민 | K75: 0 | P75: 개발 | Q75: 도서/문구/토익
A76: 46066 | B76: 현대백화점 | C76: 공동 | D76: 간식 | E76: =SUM(I76:I76) -> 16000 | G76: 16000 | H76: 1 | I76: =G76*H76 -> 16000 | J76: 국민 | M76: 만두 부라타 | P76: 여가_기타 | Q76: 복권/연회비/정기결제
A77: 46066 | B77: 현대백화점 | C77: 공동 | D77: 간식 | E77: =SUM(I77:I77) -> 7800 | G77: 7800 | H77: 1 | I77: =G77*H77 -> 7800 | J77: 국민 | P77: 주식
A78: 46066 | B78: 현대백화점 | C78: 공동 | D78: 음주 | E78: =SUM(I78:I78) -> 12000 | F78: 참우리술 이서양조 순수6% | G78: 12000 | H78: 1 | I78: =G78*H78 -> 12000 | J78: 국민 | K78: 0
A79: 46066 | B79: 세븐일레븐 | C79: 공동 | D79: 간식 | E79: =SUM(I79:I79) -> 3000 | F79: 컨디션헛개수 | G79: 3000 | H79: 1 | I79: =G79*H79 -> 3000 | J79: 현대 | K79: 0 | P79: 경조사
A80: 46066 | B80: 생고기 육회전문 | C80: 공동 | D80: 배달 | E80: =SUM(I80:I80) -> 15500 | G80: 15500 | H80: 1 | I80: =G80*H80 -> 15500 | J80: 국민 | P80: 현금
A81: 46066 | B81: 용돈 | C81: 공동 | D81: 수입_기타 | E81: =SUM(I81:I81) -> -200000 | G81: -200000 | H81: 1 | I81: =G81*H81 -> -200000 | J81: 현금아기 | P81: 선물
A82: 46066 | B82: 주택금융공사 | C82: 공동 | D82: 수수료 | E82: =SUM(I82:I82) -> 30730 | F82: 대출연장 | G82: 30730 | H82: 1 | I82: =G82*H82 -> 30730 | J82: 현금엉아
A83: 46067 | B83: 애슐리 | C83: 공동 | D83: 식사 | E83: =SUM(I83:I83) -> 104900 | G83: =93300+11600 -> 104900 | H83: 1 | I83: =G83*H83 -> 104900 | J83: 국민
A84: 46067 | B84: 장모님 용돈 | C84: 공동 | D84: 수입_기타 | E84: =SUM(I84:I84) -> -200000 | G84: -200000 | H84: 1 | I84: =G84*H84 -> -200000 | J84: 현금아기 | P84: 식사
A85: 46067 | B85: 현대백화점 | C85: 공동 | D85: 음주 | E85: =SUM(I85:I85) -> 23500 | G85: 23500 | H85: 1 | I85: =G85*H85 -> 23500 | J85: 국민 | P85: 지인
A86: 46067 | B86: 신세계 | C86: 공동 | D86: 음주 | E86: =SUM(I86:I86) -> 38000 | G86: 38000 | H86: 1 | I86: =G86*H86 -> 38000 | J86: 국민
A87: 46067 | B87: 신세계 | C87: 공동 | D87: 간식 | E87: =SUM(I87:I87) -> 13580 | F87: 치즈인듯 | G87: 13580 | H87: 1 | I87: =G87*H87 -> 13580 | J87: 국민
A88: 46068 | B88: SSG | C88: 공동 | D88: 식자재 | E88: =SUM(I88:I88) -> 75616 | G88: 75616 | H88: 1 | I88: =G88*H88 -> 75616 | J88: 현대
A89: 46068 | B89: 홈플러스 | C89: 공동 | D89: 음주 | E89: =SUM(I89:I94) -> 107500 | F89: 조닌끼안티 | G89: 19900 | H89: 1 | I89: =G89*H89 -> 19900 | J89: 국민 | K89: 0
A90: 46068 | B90: 홈플러스 | C90: 공동 | D90: 간식 | F90: 연어침훈제대파크 | G90: 1000 | H90: 1 | I90: =G90*H90 -> 1000 | J90: 국민 | K90: 0
A91: 46068 | B91: 홈플러스 | C91: 공동 | D91: 음주 | F91: 8레전드템프라뇨 | G91: 19900 | H91: 1 | I91: =G91*H91 -> 19900 | J91: 국민 | K91: 0
A92: 46068 | B92: 홈플러스 | C92: 공동 | D92: 음주 | F92: 판티니비네티델살 | G92: 19900 | H92: 1 | I92: =G92*H92 -> 19900 | J92: 국민 | K92: 0
A93: 46068 | B93: 홈플러스 | C93: 공동 | D93: 음주 | F93: 고스트파인멜롯 | G93: 29900 | H93: 1 | I93: =G93*H93 -> 29900 | J93: 국민 | K93: 0
A94: 46068 | B94: 홈플러스 | C94: 공동 | D94: 주방 | F94: 세라믹IH프라이팬 | G94: 16900 | H94: 1 | I94: =G94*H94 -> 16900 | J94: 국민 | K94: 0
A95: 46068 | B95: 현대백화점 | C95: 공동 | D95: 음주 | E95: =SUM(I95:I95) -> 19000 | G95: 19000 | H95: 1 | I95: =G95*H95 -> 19000 | J95: 국민
A96: 46068 | B96: 교촌치킨 | C96: 공동 | D96: 배달 | E96: =SUM(I96:I96) -> 29000 | G96: 29000 | H96: 1 | I96: =G96*H96 -> 29000 | J96: 국민
A97: 46069 | B97: 곽장어 | C97: 공동 | D97: 배달 | E97: =SUM(I97:I97) -> 56800 | F97: 장어덮밥2인 간장1소금1 | G97: 56800 | H97: 1 | I97: =G97*H97 -> 56800 | J97: 국민 | K97: 0
A98: 46070 | B98: 육회의기적 | C98: 공동 | D98: 배달 | E98: =SUM(I98:I98) -> 25800 | F98: 미라클육회 | G98: 25800 | H98: 1 | I98: =G98*H98 -> 25800 | J98: 국민 | K98: 0
A99: 46070 | B99: 샹궈리라마라탕 | C99: 공동 | D99: 배달 | E99: =SUM(I99:I99) -> 24200 | F99: 내맘대로마라샹궈 | G99: 24200 | H99: 1 | I99: =G99*H99 -> 24200 | J99: 국민 | K99: 0
A100: 46071 | B100: 우렁쌈밥 | C100: 공동 | D100: 배달 | E100: =SUM(I100:I100) -> 24900 | F100: 제육볶음+우렁쌈밥 | G100: 24900 | H100: 1 | I100: =G100*H100 -> 24900 | J100: 국민 | K100: 0
A101: 46071 | B101: 청년피자 | C101: 공동 | D101: 배달 | E101: =SUM(I101:I101) -> 27600 | F101: 반반피자 윙 김춘자마늘갈비 매드쉬림프 | G101: 27600 | H101: 1 | I101: =G101*H101 -> 27600 | J101: 국민 | K101: 0
...
